Scenario,TraceFile,Algorithm,PageTableType,PageSizeKB,MemorySizeKB,TotalAccesses,PageFaults,DirtyPages,ExecutionTimeSeconds
1,./input/compilador.log,lru,densa,4,128,1000000,84401,11737,0.133932
1,./input/compilador.log,lru,densa,4,256,1000000,59089,8863,0.141245
1,./input/compilador.log,lru,densa,4,512,1000000,40821,6131,0.139134
1,./input/compilador.log,lru,densa,4,1024,1000000,25308,4231,0.135790
1,./input/compilador.log,lru,densa,4,2048,1000000,10425,2173,0.133299
1,./input/compilador.log,lru,densa,4,4096,1000000,4391,955,0.128518
1,./input/compilador.log,lru,densa,4,8192,1000000,2904,427,0.116736
1,./input/compilador.log,lru,densa,4,16384,1000000,2852,0,0.127242
1,./input/compilador.log,lru,hier2,4,128,1000000,84401,11737,0.134516
1,./input/compilador.log,lru,hier2,4,256,1000000,59089,8863,0.136146
1,./input/compilador.log,lru,hier2,4,512,1000000,40821,6131,0.134443
1,./input/compilador.log,lru,hier2,4,1024,1000000,25308,4231,0.137235
1,./input/compilador.log,lru,hier2,4,2048,1000000,10425,2173,0.125228
1,./input/compilador.log,lru,hier2,4,4096,1000000,4391,955,0.131751
1,./input/compilador.log,lru,hier2,4,8192,1000000,2904,427,0.134782
1,./input/compilador.log,lru,hier2,4,16384,1000000,2852,0,0.116929
1,./input/compilador.log,lru,hier3,4,128,1000000,84401,11737,0.130642
1,./input/compilador.log,lru,hier3,4,256,1000000,59089,8863,0.132109
1,./input/compilador.log,lru,hier3,4,512,1000000,40821,6131,0.136658
1,./input/compilador.log,lru,hier3,4,1024,1000000,25308,4231,0.141256
1,./input/compilador.log,lru,hier3,4,2048,1000000,10425,2173,0.126210
1,./input/compilador.log,lru,hier3,4,4096,1000000,4391,955,0.127861
1,./input/compilador.log,lru,hier3,4,8192,1000000,2904,427,0.146668
1,./input/compilador.log,lru,hier3,4,16384,1000000,2852,0,0.114325
1,./input/compilador.log,lru,invertida,4,128,1000000,84401,11737,0.145171
1,./input/compilador.log,lru,invertida,4,256,1000000,59089,8863,0.144063
1,./input/compilador.log,lru,invertida,4,512,1000000,40821,6131,0.142654
1,./input/compilador.log,lru,invertida,4,1024,1000000,25308,4231,0.153089
1,./input/compilador.log,lru,invertida,4,2048,1000000,10425,2173,0.138610
1,./input/compilador.log,lru,invertida,4,4096,1000000,4391,955,0.136700
1,./input/compilador.log,lru,invertida,4,8192,1000000,2904,427,0.137659
1,./input/compilador.log,lru,invertida,4,16384,1000000,2852,0,0.127935
1,./input/compilador.log,fifo,densa,4,128,1000000,98067,16759,0.139700
1,./input/compilador.log,fifo,densa,4,256,1000000,70315,12053,0.134051
1,./input/compilador.log,fifo,densa,4,512,1000000,48526,8487,0.144499
1,./input/compilador.log,fifo,densa,4,1024,1000000,31698,5945,0.149332
1,./input/compilador.log,fifo,densa,4,2048,1000000,15609,3425,0.135948
1,./input/compilador.log,fifo,densa,4,4096,1000000,6673,1747,0.131149
1,./input/compilador.log,fifo,densa,4,8192,1000000,3432,700,0.120974
1,./input/compilador.log,fifo,densa,4,16384,1000000,2852,0,0.118544
1,./input/compilador.log,fifo,hier2,4,128,1000000,98067,16759,0.137827
1,./input/compilador.log,fifo,hier2,4,256,1000000,70315,12053,0.141797
1,./input/compilador.log,fifo,hier2,4,512,1000000,48526,8487,0.143959
1,./input/compilador.log,fifo,hier2,4,1024,1000000,31698,5945,0.142221
1,./input/compilador.log,fifo,hier2,4,2048,1000000,15609,3425,0.145650
1,./input/compilador.log,fifo,hier2,4,4096,1000000,6673,1747,0.130199
1,./input/compilador.log,fifo,hier2,4,8192,1000000,3432,700,0.124591
1,./input/compilador.log,fifo,hier2,4,16384,1000000,2852,0,0.126498
1,./input/compilador.log,fifo,hier3,4,128,1000000,98067,16759,0.139191
1,./input/compilador.log,fifo,hier3,4,256,1000000,70315,12053,0.133987
1,./input/compilador.log,fifo,hier3,4,512,1000000,48526,8487,0.145072
1,./input/compilador.log,fifo,hier3,4,1024,1000000,31698,5945,0.145838
1,./input/compilador.log,fifo,hier3,4,2048,1000000,15609,3425,0.137283
1,./input/compilador.log,fifo,hier3,4,4096,1000000,6673,1747,0.138164
1,./input/compilador.log,fifo,hier3,4,8192,1000000,3432,700,0.132393
1,./input/compilador.log,fifo,hier3,4,16384,1000000,2852,0,0.112948
1,./input/compilador.log,fifo,invertida,4,128,1000000,98067,16759,0.143599
1,./input/compilador.log,fifo,invertida,4,256,1000000,70315,12053,0.171173
1,./input/compilador.log,fifo,invertida,4,512,1000000,48526,8487,0.153550
1,./input/compilador.log,fifo,invertida,4,1024,1000000,31698,5945,0.167707
1,./input/compilador.log,fifo,invertida,4,2048,1000000,15609,3425,0.163736
1,./input/compilador.log,fifo,invertida,4,4096,1000000,6673,1747,0.148595
1,./input/compilador.log,fifo,invertida,4,8192,1000000,3432,700,0.136726
1,./input/compilador.log,fifo,invertida,4,16384,1000000,2852,0,0.141300
1,./input/compilador.log,random,densa,4,128,1000000,106499,17302,0.128653
1,./input/compilador.log,random,densa,4,256,1000000,75346,12252,0.135865
1,./input/compilador.log,random,densa,4,512,1000000,51241,8512,0.130110
1,./input/compilador.log,random,densa,4,1024,1000000,31972,5818,0.129980
1,./input/compilador.log,random,densa,4,2048,1000000,16397,3406,0.134697
1,./input/compilador.log,random,densa,4,4096,1000000,7152,1771,0.130335
1,./input/compilador.log,random,densa,4,8192,1000000,3390,501,0.118701
1,./input/compilador.log,random,densa,4,16384,1000000,2852,0,0.137265
1,./input/compilador.log,random,hier2,4,128,1000000,106427,17226,0.125578
1,./input/compilador.log,random,hier2,4,256,1000000,75158,12193,0.132960
1,./input/compilador.log,random,hier2,4,512,1000000,51392,8622,0.131755
1,./input/compilador.log,random,hier2,4,1024,1000000,31941,5774,0.126632
1,./input/compilador.log,random,hier2,4,2048,1000000,16369,3415,0.132407
1,./input/compilador.log,random,hier2,4,4096,1000000,7317,1746,0.125563
1,./input/compilador.log,random,hier2,4,8192,1000000,3426,523,0.116372
1,./input/compilador.log,random,hier2,4,16384,1000000,2852,0,0.116241
1,./input/compilador.log,random,hier3,4,128,1000000,106380,17187,0.131023
1,./input/compilador.log,random,hier3,4,256,1000000,75194,12186,0.123645
1,./input/compilador.log,random,hier3,4,512,1000000,51548,8661,0.126727
1,./input/compilador.log,random,hier3,4,1024,1000000,32256,5833,0.133641
1,./input/compilador.log,random,hier3,4,2048,1000000,16206,3399,0.134395
1,./input/compilador.log,random,hier3,4,4096,1000000,7158,1744,0.129883
1,./input/compilador.log,random,hier3,4,8192,1000000,3398,525,0.118495
1,./input/compilador.log,random,hier3,4,16384,1000000,2852,0,0.114960
1,./input/compilador.log,random,invertida,4,128,1000000,106539,17223,0.141947
1,./input/compilador.log,random,invertida,4,256,1000000,75124,12218,0.144398
1,./input/compilador.log,random,invertida,4,512,1000000,51326,8530,0.143801
1,./input/compilador.log,random,invertida,4,1024,1000000,31973,5762,0.149209
1,./input/compilador.log,random,invertida,4,2048,1000000,16048,3335,0.150350
1,./input/compilador.log,random,invertida,4,4096,1000000,7097,1709,0.140973
1,./input/compilador.log,random,invertida,4,8192,1000000,3408,516,0.137472
1,./input/compilador.log,random,invertida,4,16384,1000000,2852,0,0.143259
1,./input/compilador.log,lfu,densa,4,128,1000000,616152,90223,0.242682
1,./input/compilador.log,lfu,densa,4,256,1000000,284413,31772,0.205993
1,./input/compilador.log,lfu,densa,4,512,1000000,161379,17604,0.210463
1,./input/compilador.log,lfu,densa,4,1024,1000000,74061,8077,0.194273
1,./input/compilador.log,lfu,densa,4,2048,1000000,28389,3468,0.169019
1,./input/compilador.log,lfu,densa,4,4096,1000000,8979,1439,0.146335
1,./input/compilador.log,lfu,densa,4,8192,1000000,3730,498,0.124457
1,./input/compilador.log,lfu,densa,4,16384,1000000,2852,0,0.117226
1,./input/compilador.log,lfu,hier2,4,128,1000000,616152,90223,0.244760
1,./input/compilador.log,lfu,hier2,4,256,1000000,284413,31772,0.213128
1,./input/compilador.log,lfu,hier2,4,512,1000000,161379,17604,0.201770
1,./input/compilador.log,lfu,hier2,4,1024,1000000,74061,8077,0.191662
1,./input/compilador.log,lfu,hier2,4,2048,1000000,28389,3468,0.164520
1,./input/compilador.log,lfu,hier2,4,4096,1000000,8979,1439,0.138069
1,./input/compilador.log,lfu,hier2,4,8192,1000000,3730,498,0.126479
1,./input/compilador.log,lfu,hier2,4,16384,1000000,2852,0,0.124244
1,./input/compilador.log,lfu,hier3,4,128,1000000,616152,90223,0.250907
1,./input/compilador.log,lfu,hier3,4,256,1000000,284413,31772,0.224856
1,./input/compilador.log,lfu,hier3,4,512,1000000,161379,17604,0.210371
1,./input/compilador.log,lfu,hier3,4,1024,1000000,74061,8077,0.202829
1,./input/compilador.log,lfu,hier3,4,2048,1000000,28389,3468,0.168535
1,./input/compilador.log,lfu,hier3,4,4096,1000000,8979,1439,0.170628
1,./input/compilador.log,lfu,hier3,4,8192,1000000,3730,498,0.134468
1,./input/compilador.log,lfu,hier3,4,16384,1000000,2852,0,0.116976
1,./input/compilador.log,lfu,invertida,4,128,1000000,616152,90223,0.278851
1,./input/compilador.log,lfu,invertida,4,256,1000000,284413,31772,0.245963
1,./input/compilador.log,lfu,invertida,4,512,1000000,161379,17604,0.232632
1,./input/compilador.log,lfu,invertida,4,1024,1000000,74061,8077,0.200642
1,./input/compilador.log,lfu,invertida,4,2048,1000000,28389,3468,0.175522
1,./input/compilador.log,lfu,invertida,4,4096,1000000,8979,1439,0.161134
1,./input/compilador.log,lfu,invertida,4,8192,1000000,3730,498,0.158453
1,./input/compilador.log,lfu,invertida,4,16384,1000000,2852,0,0.142080
1,./input/matriz.log,lru,densa,4,128,1000000,48254,9674,0.129244
1,./input/matriz.log,lru,densa,4,256,1000000,21656,5687,0.116441
1,./input/matriz.log,lru,densa,4,512,1000000,13250,3812,0.123905
1,./input/matriz.log,lru,densa,4,1024,1000000,5673,1866,0.125498
1,./input/matriz.log,lru,densa,4,2048,1000000,3632,1159,0.123238
1,./input/matriz.log,lru,densa,4,4096,1000000,2803,789,0.120287
1,./input/matriz.log,lru,densa,4,8192,1000000,2576,259,0.116120
1,./input/matriz.log,lru,densa,4,16384,1000000,2543,0,0.116164
1,./input/matriz.log,lru,hier2,4,128,1000000,48254,9674,0.127024
1,./input/matriz.log,lru,hier2,4,256,1000000,21656,5687,0.126731
1,./input/matriz.log,lru,hier2,4,512,1000000,13250,3812,0.123872
1,./input/matriz.log,lru,hier2,4,1024,1000000,5673,1866,0.117653
1,./input/matriz.log,lru,hier2,4,2048,1000000,3632,1159,0.115184
1,./input/matriz.log,lru,hier2,4,4096,1000000,2803,789,0.127255
1,./input/matriz.log,lru,hier2,4,8192,1000000,2576,259,0.123637
1,./input/matriz.log,lru,hier2,4,16384,1000000,2543,0,0.119766
1,./input/matriz.log,lru,hier3,4,128,1000000,48254,9674,0.125557
1,./input/matriz.log,lru,hier3,4,256,1000000,21656,5687,0.120480
1,./input/matriz.log,lru,hier3,4,512,1000000,13250,3812,0.120927
1,./input/matriz.log,lru,hier3,4,1024,1000000,5673,1866,0.115409
1,./input/matriz.log,lru,hier3,4,2048,1000000,3632,1159,0.119415
1,./input/matriz.log,lru,hier3,4,4096,1000000,2803,789,0.118196
1,./input/matriz.log,lru,hier3,4,8192,1000000,2576,259,0.126508
1,./input/matriz.log,lru,hier3,4,16384,1000000,2543,0,0.120639
1,./input/matriz.log,lru,invertida,4,128,1000000,48254,9674,0.142578
1,./input/matriz.log,lru,invertida,4,256,1000000,21656,5687,0.124481
1,./input/matriz.log,lru,invertida,4,512,1000000,13250,3812,0.134577
1,./input/matriz.log,lru,invertida,4,1024,1000000,5673,1866,0.128909
1,./input/matriz.log,lru,invertida,4,2048,1000000,3632,1159,0.138841
1,./input/matriz.log,lru,invertida,4,4096,1000000,2803,789,0.151120
1,./input/matriz.log,lru,invertida,4,8192,1000000,2576,259,0.134565
1,./input/matriz.log,lru,invertida,4,16384,1000000,2543,0,0.141962
1,./input/matriz.log,fifo,densa,4,128,1000000,81638,18172,0.149856
1,./input/matriz.log,fifo,densa,4,256,1000000,30422,7585,0.145549
1,./input/matriz.log,fifo,densa,4,512,1000000,17523,4932,0.117545
1,./input/matriz.log,fifo,densa,4,1024,1000000,8551,2836,0.130411
1,./input/matriz.log,fifo,densa,4,2048,1000000,4850,1624,0.146863
1,./input/matriz.log,fifo,densa,4,4096,1000000,3264,969,0.131582
1,./input/matriz.log,fifo,densa,4,8192,1000000,2798,350,0.121579
1,./input/matriz.log,fifo,densa,4,16384,1000000,2543,0,0.119287
1,./input/matriz.log,fifo,hier2,4,128,1000000,81638,18172,0.144691
1,./input/matriz.log,fifo,hier2,4,256,1000000,30422,7585,0.122386
1,./input/matriz.log,fifo,hier2,4,512,1000000,17523,4932,0.128314
1,./input/matriz.log,fifo,hier2,4,1024,1000000,8551,2836,0.128525
1,./input/matriz.log,fifo,hier2,4,2048,1000000,4850,1624,0.131087
1,./input/matriz.log,fifo,hier2,4,4096,1000000,3264,969,0.126630
1,./input/matriz.log,fifo,hier2,4,8192,1000000,2798,350,0.130067
1,./input/matriz.log,fifo,hier2,4,16384,1000000,2543,0,0.152079
1,./input/matriz.log,fifo,hier3,4,128,1000000,81638,18172,0.145102
1,./input/matriz.log,fifo,hier3,4,256,1000000,30422,7585,0.134035
1,./input/matriz.log,fifo,hier3,4,512,1000000,17523,4932,0.132227
1,./input/matriz.log,fifo,hier3,4,1024,1000000,8551,2836,0.128350
1,./input/matriz.log,fifo,hier3,4,2048,1000000,4850,1624,0.125351
1,./input/matriz.log,fifo,hier3,4,4096,1000000,3264,969,0.149609
1,./input/matriz.log,fifo,hier3,4,8192,1000000,2798,350,0.187421
1,./input/matriz.log,fifo,hier3,4,16384,1000000,2543,0,0.122589
1,./input/matriz.log,fifo,invertida,4,128,1000000,81638,18172,0.145757
1,./input/matriz.log,fifo,invertida,4,256,1000000,30422,7585,0.176047
1,./input/matriz.log,fifo,invertida,4,512,1000000,17523,4932,0.134152
1,./input/matriz.log,fifo,invertida,4,1024,1000000,8551,2836,0.150285
1,./input/matriz.log,fifo,invertida,4,2048,1000000,4850,1624,0.144292
1,./input/matriz.log,fifo,invertida,4,4096,1000000,3264,969,0.141111
1,./input/matriz.log,fifo,invertida,4,8192,1000000,2798,350,0.189162
1,./input/matriz.log,fifo,invertida,4,16384,1000000,2543,0,0.186072
1,./input/matriz.log,random,densa,4,128,1000000,83743,18316,0.138554
1,./input/matriz.log,random,densa,4,256,1000000,35347,8581,0.140009
1,./input/matriz.log,random,densa,4,512,1000000,18356,5094,0.119742
1,./input/matriz.log,random,densa,4,1024,1000000,9300,2938,0.114974
1,./input/matriz.log,random,densa,4,2048,1000000,5214,1732,0.124968
1,./input/matriz.log,random,densa,4,4096,1000000,3466,1017,0.121971
1,./input/matriz.log,random,densa,4,8192,1000000,2657,266,0.124043
1,./input/matriz.log,random,densa,4,16384,1000000,2543,0,0.116886
1,./input/matriz.log,random,hier2,4,128,1000000,83656,18290,0.134623
1,./input/matriz.log,random,hier2,4,256,1000000,35610,8568,0.114381
1,./input/matriz.log,random,hier2,4,512,1000000,18187,5059,0.119647
1,./input/matriz.log,random,hier2,4,1024,1000000,9469,2984,0.115610
1,./input/matriz.log,random,hier2,4,2048,1000000,5220,1758,0.116005
1,./input/matriz.log,random,hier2,4,4096,1000000,3449,1001,0.123008
1,./input/matriz.log,random,hier2,4,8192,1000000,2650,258,0.128191
1,./input/matriz.log,random,hier2,4,16384,1000000,2543,0,0.123514
1,./input/matriz.log,random,hier3,4,128,1000000,83542,18248,0.133594
1,./input/matriz.log,random,hier3,4,256,1000000,35573,8548,0.115995
1,./input/matriz.log,random,hier3,4,512,1000000,18256,5049,0.116654
1,./input/matriz.log,random,hier3,4,1024,1000000,9346,2914,0.121287
1,./input/matriz.log,random,hier3,4,2048,1000000,5127,1701,0.125673
1,./input/matriz.log,random,hier3,4,4096,1000000,3472,1023,0.118217
1,./input/matriz.log,random,hier3,4,8192,1000000,2672,266,0.115302
1,./input/matriz.log,random,hier3,4,16384,1000000,2543,0,0.119283
1,./input/matriz.log,random,invertida,4,128,1000000,83494,18226,0.135200
1,./input/matriz.log,random,invertida,4,256,1000000,35113,8406,0.134552
1,./input/matriz.log,random,invertida,4,512,1000000,18192,4997,0.128762
1,./input/matriz.log,random,invertida,4,1024,1000000,9203,2932,0.125140
1,./input/matriz.log,random,invertida,4,2048,1000000,5304,1744,0.126209
1,./input/matriz.log,random,invertida,4,4096,1000000,3510,1045,0.137420
1,./input/matriz.log,random,invertida,4,8192,1000000,2674,273,0.135430
1,./input/matriz.log,random,invertida,4,16384,1000000,2543,0,0.136308
1,./input/matriz.log,lfu,densa,4,128,1000000,271375,55150,0.165761
1,./input/matriz.log,lfu,densa,4,256,1000000,193787,43562,0.180281
1,./input/matriz.log,lfu,densa,4,512,1000000,171334,40449,0.209076
1,./input/matriz.log,lfu,densa,4,1024,1000000,142996,34934,0.270260
1,./input/matriz.log,lfu,densa,4,2048,1000000,93528,25702,0.309337
1,./input/matriz.log,lfu,densa,4,4096,1000000,31396,12995,0.228924
1,./input/matriz.log,lfu,densa,4,8192,1000000,4009,815,0.134248
1,./input/matriz.log,lfu,densa,4,16384,1000000,2543,0,0.114104
1,./input/matriz.log,lfu,hier2,4,128,1000000,271375,55150,0.163669
1,./input/matriz.log,lfu,hier2,4,256,1000000,193787,43562,0.175518
1,./input/matriz.log,lfu,hier2,4,512,1000000,171334,40449,0.211673
1,./input/matriz.log,lfu,hier2,4,1024,1000000,142996,34934,0.272670
1,./input/matriz.log,lfu,hier2,4,2048,1000000,93528,25702,0.309293
1,./input/matriz.log,lfu,hier2,4,4096,1000000,31396,12995,0.236170
1,./input/matriz.log,lfu,hier2,4,8192,1000000,4009,815,0.133865
1,./input/matriz.log,lfu,hier2,4,16384,1000000,2543,0,0.121488
1,./input/matriz.log,lfu,hier3,4,128,1000000,271375,55150,0.174151
1,./input/matriz.log,lfu,hier3,4,256,1000000,193787,43562,0.181875
1,./input/matriz.log,lfu,hier3,4,512,1000000,171334,40449,0.212468
1,./input/matriz.log,lfu,hier3,4,1024,1000000,142996,34934,0.264197
1,./input/matriz.log,lfu,hier3,4,2048,1000000,93528,25702,0.316476
1,./input/matriz.log,lfu,hier3,4,4096,1000000,31396,12995,0.244868
1,./input/matriz.log,lfu,hier3,4,8192,1000000,4009,815,0.133189
1,./input/matriz.log,lfu,hier3,4,16384,1000000,2543,0,0.112454
1,./input/matriz.log,lfu,invertida,4,128,1000000,271375,55150,0.183675
1,./input/matriz.log,lfu,invertida,4,256,1000000,193787,43562,0.228913
1,./input/matriz.log,lfu,invertida,4,512,1000000,171334,40449,0.235519
1,./input/matriz.log,lfu,invertida,4,1024,1000000,142996,34934,0.284013
1,./input/matriz.log,lfu,invertida,4,2048,1000000,93528,25702,0.320748
1,./input/matriz.log,lfu,invertida,4,4096,1000000,31396,12995,0.245833
1,./input/matriz.log,lfu,invertida,4,8192,1000000,4009,815,0.145454
1,./input/matriz.log,lfu,invertida,4,16384,1000000,2543,0,0.131581
1,./input/compressor.log,lru,densa,4,128,1000000,2133,702,0.111264
1,./input/compressor.log,lru,densa,4,256,1000000,1264,420,0.126317
1,./input/compressor.log,lru,densa,4,512,1000000,771,224,0.114261
1,./input/compressor.log,lru,densa,4,1024,1000000,397,48,0.116821
1,./input/compressor.log,lru,densa,4,2048,1000000,317,0,0.119267
1,./input/compressor.log,lru,densa,4,4096,1000000,317,0,0.115955
1,./input/compressor.log,lru,densa,4,8192,1000000,317,0,0.122104
1,./input/compressor.log,lru,densa,4,16384,1000000,317,0,0.121913
1,./input/compressor.log,lru,hier2,4,128,1000000,2133,702,0.125575
1,./input/compressor.log,lru,hier2,4,256,1000000,1264,420,0.105557
1,./input/compressor.log,lru,hier2,4,512,1000000,771,224,0.114824
1,./input/compressor.log,lru,hier2,4,1024,1000000,397,48,0.113011
1,./input/compressor.log,lru,hier2,4,2048,1000000,317,0,0.111162
1,./input/compressor.log,lru,hier2,4,4096,1000000,317,0,0.126888
1,./input/compressor.log,lru,hier2,4,8192,1000000,317,0,0.129397
1,./input/compressor.log,lru,hier2,4,16384,1000000,317,0,0.120661
1,./input/compressor.log,lru,hier3,4,128,1000000,2133,702,0.111854
1,./input/compressor.log,lru,hier3,4,256,1000000,1264,420,0.120839
1,./input/compressor.log,lru,hier3,4,512,1000000,771,224,0.112780
1,./input/compressor.log,lru,hier3,4,1024,1000000,397,48,0.115451
1,./input/compressor.log,lru,hier3,4,2048,1000000,317,0,0.115580
1,./input/compressor.log,lru,hier3,4,4096,1000000,317,0,0.110729
1,./input/compressor.log,lru,hier3,4,8192,1000000,317,0,0.110129
1,./input/compressor.log,lru,hier3,4,16384,1000000,317,0,0.112404
1,./input/compressor.log,lru,invertida,4,128,1000000,2133,702,0.119700
1,./input/compressor.log,lru,invertida,4,256,1000000,1264,420,0.127266
1,./input/compressor.log,lru,invertida,4,512,1000000,771,224,0.133531
1,./input/compressor.log,lru,invertida,4,1024,1000000,397,48,0.145694
1,./input/compressor.log,lru,invertida,4,2048,1000000,317,0,0.124121
1,./input/compressor.log,lru,invertida,4,4096,1000000,317,0,0.129415
1,./input/compressor.log,lru,invertida,4,8192,1000000,317,0,0.118759
1,./input/compressor.log,lru,invertida,4,16384,1000000,317,0,0.130539
1,./input/compressor.log,fifo,densa,4,128,1000000,2497,851,0.113674
1,./input/compressor.log,fifo,densa,4,256,1000000,1467,514,0.132213
1,./input/compressor.log,fifo,densa,4,512,1000000,891,305,0.119041
1,./input/compressor.log,fifo,densa,4,1024,1000000,511,125,0.115128
1,./input/compressor.log,fifo,densa,4,2048,1000000,317,0,0.116293
1,./input/compressor.log,fifo,densa,4,4096,1000000,317,0,0.117382
1,./input/compressor.log,fifo,densa,4,8192,1000000,317,0,0.118715
1,./input/compressor.log,fifo,densa,4,16384,1000000,317,0,0.110825
1,./input/compressor.log,fifo,hier2,4,128,1000000,2497,851,0.123171
1,./input/compressor.log,fifo,hier2,4,256,1000000,1467,514,0.118035
1,./input/compressor.log,fifo,hier2,4,512,1000000,891,305,0.127691
1,./input/compressor.log,fifo,hier2,4,1024,1000000,511,125,0.112261
1,./input/compressor.log,fifo,hier2,4,2048,1000000,317,0,0.118133
1,./input/compressor.log,fifo,hier2,4,4096,1000000,317,0,0.109474
1,./input/compressor.log,fifo,hier2,4,8192,1000000,317,0,0.121148
1,./input/compressor.log,fifo,hier2,4,16384,1000000,317,0,0.120811
1,./input/compressor.log,fifo,hier3,4,128,1000000,2497,851,0.110252
1,./input/compressor.log,fifo,hier3,4,256,1000000,1467,514,0.117796
1,./input/compressor.log,fifo,hier3,4,512,1000000,891,305,0.125031
1,./input/compressor.log,fifo,hier3,4,1024,1000000,511,125,0.103661
1,./input/compressor.log,fifo,hier3,4,2048,1000000,317,0,0.110849
1,./input/compressor.log,fifo,hier3,4,4096,1000000,317,0,0.114393
1,./input/compressor.log,fifo,hier3,4,8192,1000000,317,0,0.114777
1,./input/compressor.log,fifo,hier3,4,16384,1000000,317,0,0.109200
1,./input/compressor.log,fifo,invertida,4,128,1000000,2497,851,0.120870
1,./input/compressor.log,fifo,invertida,4,256,1000000,1467,514,0.127341
1,./input/compressor.log,fifo,invertida,4,512,1000000,891,305,0.117077
1,./input/compressor.log,fifo,invertida,4,1024,1000000,511,125,0.125015
1,./input/compressor.log,fifo,invertida,4,2048,1000000,317,0,0.118712
1,./input/compressor.log,fifo,invertida,4,4096,1000000,317,0,0.122864
1,./input/compressor.log,fifo,invertida,4,8192,1000000,317,0,0.124675
1,./input/compressor.log,fifo,invertida,4,16384,1000000,317,0,0.124611
1,./input/compressor.log,random,densa,4,128,1000000,2570,857,0.117742
1,./input/compressor.log,random,densa,4,256,1000000,1618,561,0.145481
1,./input/compressor.log,random,densa,4,512,1000000,917,301,0.130318
1,./input/compressor.log,random,densa,4,1024,1000000,412,65,0.123971
1,./input/compressor.log,random,densa,4,2048,1000000,317,0,0.126050
1,./input/compressor.log,random,densa,4,4096,1000000,317,0,0.116761
1,./input/compressor.log,random,densa,4,8192,1000000,317,0,0.137747
1,./input/compressor.log,random,densa,4,16384,1000000,317,0,0.119594
1,./input/compressor.log,random,hier2,4,128,1000000,2575,857,0.118125
1,./input/compressor.log,random,hier2,4,256,1000000,1583,522,0.118634
1,./input/compressor.log,random,hier2,4,512,1000000,945,304,0.127096
1,./input/compressor.log,random,hier2,4,1024,1000000,407,67,0.112136
1,./input/compressor.log,random,hier2,4,2048,1000000,317,0,0.117546
1,./input/compressor.log,random,hier2,4,4096,1000000,317,0,0.106290
1,./input/compressor.log,random,hier2,4,8192,1000000,317,0,0.112500
1,./input/compressor.log,random,hier2,4,16384,1000000,317,0,0.108054
1,./input/compressor.log,random,hier3,4,128,1000000,2550,840,0.110016
1,./input/compressor.log,random,hier3,4,256,1000000,1618,555,0.112420
1,./input/compressor.log,random,hier3,4,512,1000000,931,307,0.134860
1,./input/compressor.log,random,hier3,4,1024,1000000,392,69,0.106188
1,./input/compressor.log,random,hier3,4,2048,1000000,317,0,0.110726
1,./input/compressor.log,random,hier3,4,4096,1000000,317,0,0.117442
1,./input/compressor.log,random,hier3,4,8192,1000000,317,0,0.108629
1,./input/compressor.log,random,hier3,4,16384,1000000,317,0,0.119244
1,./input/compressor.log,random,invertida,4,128,1000000,2617,861,0.117452
1,./input/compressor.log,random,invertida,4,256,1000000,1622,552,0.123009
1,./input/compressor.log,random,invertida,4,512,1000000,979,331,0.138537
1,./input/compressor.log,random,invertida,4,1024,1000000,406,70,0.125671
1,./input/compressor.log,random,invertida,4,2048,1000000,317,0,0.130913
1,./input/compressor.log,random,invertida,4,4096,1000000,317,0,0.128368
1,./input/compressor.log,random,invertida,4,8192,1000000,317,0,0.134503
1,./input/compressor.log,random,invertida,4,16384,1000000,317,0,0.136638
1,./input/compressor.log,lfu,densa,4,128,1000000,416651,70270,0.232478
1,./input/compressor.log,lfu,densa,4,256,1000000,299627,45132,0.270240
1,./input/compressor.log,lfu,densa,4,512,1000000,284215,43255,0.310790
1,./input/compressor.log,lfu,densa,4,1024,1000000,390,34,0.130877
1,./input/compressor.log,lfu,densa,4,2048,1000000,317,0,0.126722
1,./input/compressor.log,lfu,densa,4,4096,1000000,317,0,0.150892
1,./input/compressor.log,lfu,densa,4,8192,1000000,317,0,0.128650
1,./input/compressor.log,lfu,densa,4,16384,1000000,317,0,0.112545
1,./input/compressor.log,lfu,hier2,4,128,1000000,416651,70270,0.208148
1,./input/compressor.log,lfu,hier2,4,256,1000000,299627,45132,0.235095
1,./input/compressor.log,lfu,hier2,4,512,1000000,284215,43255,0.288964
1,./input/compressor.log,lfu,hier2,4,1024,1000000,390,34,0.113400
1,./input/compressor.log,lfu,hier2,4,2048,1000000,317,0,0.143229
1,./input/compressor.log,lfu,hier2,4,4096,1000000,317,0,0.112610
1,./input/compressor.log,lfu,hier2,4,8192,1000000,317,0,0.132032
1,./input/compressor.log,lfu,hier2,4,16384,1000000,317,0,0.126080
1,./input/compressor.log,lfu,hier3,4,128,1000000,416651,70270,0.205026
1,./input/compressor.log,lfu,hier3,4,256,1000000,299627,45132,0.234493
1,./input/compressor.log,lfu,hier3,4,512,1000000,284215,43255,0.292978
1,./input/compressor.log,lfu,hier3,4,1024,1000000,390,34,0.116626
1,./input/compressor.log,lfu,hier3,4,2048,1000000,317,0,0.125359
1,./input/compressor.log,lfu,hier3,4,4096,1000000,317,0,0.104351
1,./input/compressor.log,lfu,hier3,4,8192,1000000,317,0,0.107290
1,./input/compressor.log,lfu,hier3,4,16384,1000000,317,0,0.124126
1,./input/compressor.log,lfu,invertida,4,128,1000000,416651,70270,0.253482
1,./input/compressor.log,lfu,invertida,4,256,1000000,299627,45132,0.257302
1,./input/compressor.log,lfu,invertida,4,512,1000000,284215,43255,0.298129
1,./input/compressor.log,lfu,invertida,4,1024,1000000,390,34,0.135151
1,./input/compressor.log,lfu,invertida,4,2048,1000000,317,0,0.131751
1,./input/compressor.log,lfu,invertida,4,4096,1000000,317,0,0.116170
1,./input/compressor.log,lfu,invertida,4,8192,1000000,317,0,0.124386
1,./input/compressor.log,lfu,invertida,4,16384,1000000,317,0,0.132946
1,./input/simulador.log,lru,densa,4,128,1000000,67747,13730,0.137442
1,./input/simulador.log,lru,densa,4,256,1000000,41186,9672,0.142103
1,./input/simulador.log,lru,densa,4,512,1000000,21090,6526,0.128509
1,./input/simulador.log,lru,densa,4,1024,1000000,11240,4092,0.133990
1,./input/simulador.log,lru,densa,4,2048,1000000,5823,2444,0.121164
1,./input/simulador.log,lru,densa,4,4096,1000000,4468,1846,0.130932
1,./input/simulador.log,lru,densa,4,8192,1000000,3951,1356,0.136989
1,./input/simulador.log,lru,densa,4,16384,1000000,3890,0,0.134252
1,./input/simulador.log,lru,hier2,4,128,1000000,67747,13730,0.133014
1,./input/simulador.log,lru,hier2,4,256,1000000,41186,9672,0.133067
1,./input/simulador.log,lru,hier2,4,512,1000000,21090,6526,0.138961
1,./input/simulador.log,lru,hier2,4,1024,1000000,11240,4092,0.165540
1,./input/simulador.log,lru,hier2,4,2048,1000000,5823,2444,0.216400
1,./input/simulador.log,lru,hier2,4,4096,1000000,4468,1846,0.182007
1,./input/simulador.log,lru,hier2,4,8192,1000000,3951,1356,0.173338
1,./input/simulador.log,lru,hier2,4,16384,1000000,3890,0,0.148919
1,./input/simulador.log,lru,hier3,4,128,1000000,67747,13730,0.159558
1,./input/simulador.log,lru,hier3,4,256,1000000,41186,9672,0.146011
1,./input/simulador.log,lru,hier3,4,512,1000000,21090,6526,0.142138
1,./input/simulador.log,lru,hier3,4,1024,1000000,11240,4092,0.139735
1,./input/simulador.log,lru,hier3,4,2048,1000000,5823,2444,0.138763
1,./input/simulador.log,lru,hier3,4,4096,1000000,4468,1846,0.151033
1,./input/simulador.log,lru,hier3,4,8192,1000000,3951,1356,0.142561
1,./input/simulador.log,lru,hier3,4,16384,1000000,3890,0,0.131457
1,./input/simulador.log,lru,invertida,4,128,1000000,67747,13730,0.152822
1,./input/simulador.log,lru,invertida,4,256,1000000,41186,9672,0.174126
1,./input/simulador.log,lru,invertida,4,512,1000000,21090,6526,0.169323
1,./input/simulador.log,lru,invertida,4,1024,1000000,11240,4092,0.153024
1,./input/simulador.log,lru,invertida,4,2048,1000000,5823,2444,0.150958
1,./input/simulador.log,lru,invertida,4,4096,1000000,4468,1846,0.153828
1,./input/simulador.log,lru,invertida,4,8192,1000000,3951,1356,0.156449
1,./input/simulador.log,lru,invertida,4,16384,1000000,3890,0,0.152205
1,./input/simulador.log,fifo,densa,4,128,1000000,85283,18805,0.154684
1,./input/simulador.log,fifo,densa,4,256,1000000,48301,11936,0.141105
1,./input/simulador.log,fifo,densa,4,512,1000000,27778,8346,0.148430
1,./input/simulador.log,fifo,densa,4,1024,1000000,15440,5426,0.134660
1,./input/simulador.log,fifo,densa,4,2048,1000000,8089,3353,0.142285
1,./input/simulador.log,fifo,densa,4,4096,1000000,5492,2368,0.139818
1,./input/simulador.log,fifo,densa,4,8192,1000000,4314,1581,0.146381
1,./input/simulador.log,fifo,densa,4,16384,1000000,3890,0,0.168102
1,./input/simulador.log,fifo,hier2,4,128,1000000,85283,18805,0.145353
1,./input/simulador.log,fifo,hier2,4,256,1000000,48301,11936,0.146180
1,./input/simulador.log,fifo,hier2,4,512,1000000,27778,8346,0.145776
1,./input/simulador.log,fifo,hier2,4,1024,1000000,15440,5426,0.138100
1,./input/simulador.log,fifo,hier2,4,2048,1000000,8089,3353,0.139244
1,./input/simulador.log,fifo,hier2,4,4096,1000000,5492,2368,0.144002
1,./input/simulador.log,fifo,hier2,4,8192,1000000,4314,1581,0.153675
1,./input/simulador.log,fifo,hier2,4,16384,1000000,3890,0,0.138962
1,./input/simulador.log,fifo,hier3,4,128,1000000,85283,18805,0.144878
1,./input/simulador.log,fifo,hier3,4,256,1000000,48301,11936,0.144901
1,./input/simulador.log,fifo,hier3,4,512,1000000,27778,8346,0.135860
1,./input/simulador.log,fifo,hier3,4,1024,1000000,15440,5426,0.140366
1,./input/simulador.log,fifo,hier3,4,2048,1000000,8089,3353,0.139060
1,./input/simulador.log,fifo,hier3,4,4096,1000000,5492,2368,0.152062
1,./input/simulador.log,fifo,hier3,4,8192,1000000,4314,1581,0.142820
1,./input/simulador.log,fifo,hier3,4,16384,1000000,3890,0,0.132996
1,./input/simulador.log,fifo,invertida,4,128,1000000,85283,18805,0.161958
1,./input/simulador.log,fifo,invertida,4,256,1000000,48301,11936,0.150515
1,./input/simulador.log,fifo,invertida,4,512,1000000,27778,8346,0.154585
1,./input/simulador.log,fifo,invertida,4,1024,1000000,15440,5426,0.147099
1,./input/simulador.log,fifo,invertida,4,2048,1000000,8089,3353,0.131745
1,./input/simulador.log,fifo,invertida,4,4096,1000000,5492,2368,0.143390
1,./input/simulador.log,fifo,invertida,4,8192,1000000,4314,1581,0.156959
1,./input/simulador.log,fifo,invertida,4,16384,1000000,3890,0,0.138934
1,./input/simulador.log,random,densa,4,128,1000000,88643,19498,0.136480
1,./input/simulador.log,random,densa,4,256,1000000,51616,12578,0.128138
1,./input/simulador.log,random,densa,4,512,1000000,29092,8451,0.132039
1,./input/simulador.log,random,densa,4,1024,1000000,15736,5473,0.120120
1,./input/simulador.log,random,densa,4,2048,1000000,8742,3426,0.118897
1,./input/simulador.log,random,densa,4,4096,1000000,5970,2444,0.122590
1,./input/simulador.log,random,densa,4,8192,1000000,4490,1372,0.136667
1,./input/simulador.log,random,densa,4,16384,1000000,3890,0,0.138826
1,./input/simulador.log,random,hier2,4,128,1000000,88866,19469,0.140095
1,./input/simulador.log,random,hier2,4,256,1000000,51497,12687,0.126866
1,./input/simulador.log,random,hier2,4,512,1000000,29019,8444,0.134996
1,./input/simulador.log,random,hier2,4,1024,1000000,15711,5368,0.128650
1,./input/simulador.log,random,hier2,4,2048,1000000,8853,3449,0.119805
1,./input/simulador.log,random,hier2,4,4096,1000000,5974,2445,0.138377
1,./input/simulador.log,random,hier2,4,8192,1000000,4489,1316,0.146386
1,./input/simulador.log,random,hier2,4,16384,1000000,3890,0,0.148928
1,./input/simulador.log,random,hier3,4,128,1000000,88669,19486,0.173840
1,./input/simulador.log,random,hier3,4,256,1000000,51828,12684,0.129716
1,./input/simulador.log,random,hier3,4,512,1000000,29246,8538,0.128009
1,./input/simulador.log,random,hier3,4,1024,1000000,15710,5442,0.121112
1,./input/simulador.log,random,hier3,4,2048,1000000,8901,3495,0.127148
1,./input/simulador.log,random,hier3,4,4096,1000000,5930,2442,0.140707
1,./input/simulador.log,random,hier3,4,8192,1000000,4489,1324,0.140920
1,./input/simulador.log,random,hier3,4,16384,1000000,3890,0,0.124717
1,./input/simulador.log,random,invertida,4,128,1000000,88712,19438,0.152059
1,./input/simulador.log,random,invertida,4,256,1000000,51777,12669,0.130190
1,./input/simulador.log,random,invertida,4,512,1000000,29167,8472,0.187887
1,./input/simulador.log,random,invertida,4,1024,1000000,15754,5451,0.149356
1,./input/simulador.log,random,invertida,4,2048,1000000,8837,3497,0.146116
1,./input/simulador.log,random,invertida,4,4096,1000000,5947,2464,0.135024
1,./input/simulador.log,random,invertida,4,8192,1000000,4537,1399,0.142956
1,./input/simulador.log,random,invertida,4,16384,1000000,3890,0,0.153486
1,./input/simulador.log,lfu,densa,4,128,1000000,712137,143424,0.263847
1,./input/simulador.log,lfu,densa,4,256,1000000,673873,138538,0.384600
1,./input/simulador.log,lfu,densa,4,512,1000000,266860,67087,0.285896
1,./input/simulador.log,lfu,densa,4,1024,1000000,197601,60944,0.332926
1,./input/simulador.log,lfu,densa,4,2048,1000000,117773,28201,0.366251
1,./input/simulador.log,lfu,densa,4,4096,1000000,41536,14545,0.299854
1,./input/simulador.log,lfu,densa,4,8192,1000000,8349,1963,0.165872
1,./input/simulador.log,lfu,densa,4,16384,1000000,3890,0,0.138712
1,./input/simulador.log,lfu,hier2,4,128,1000000,712137,143424,0.287133
1,./input/simulador.log,lfu,hier2,4,256,1000000,673873,138538,0.381725
1,./input/simulador.log,lfu,hier2,4,512,1000000,266860,67087,0.272857
1,./input/simulador.log,lfu,hier2,4,1024,1000000,197601,60944,0.327314
1,./input/simulador.log,lfu,hier2,4,2048,1000000,117773,28201,0.374259
1,./input/simulador.log,lfu,hier2,4,4096,1000000,41536,14545,0.289931
1,./input/simulador.log,lfu,hier2,4,8192,1000000,8349,1963,0.184160
1,./input/simulador.log,lfu,hier2,4,16384,1000000,3890,0,0.125288
1,./input/simulador.log,lfu,hier3,4,128,1000000,712137,143424,0.260415
1,./input/simulador.log,lfu,hier3,4,256,1000000,673873,138538,0.357692
1,./input/simulador.log,lfu,hier3,4,512,1000000,266860,67087,0.291855
1,./input/simulador.log,lfu,hier3,4,1024,1000000,197601,60944,0.329552
1,./input/simulador.log,lfu,hier3,4,2048,1000000,117773,28201,0.383731
1,./input/simulador.log,lfu,hier3,4,4096,1000000,41536,14545,0.297978
1,./input/simulador.log,lfu,hier3,4,8192,1000000,8349,1963,0.168123
1,./input/simulador.log,lfu,hier3,4,16384,1000000,3890,0,0.132328
1,./input/simulador.log,lfu,invertida,4,128,1000000,712137,143424,0.309959
1,./input/simulador.log,lfu,invertida,4,256,1000000,673873,138538,0.398569
1,./input/simulador.log,lfu,invertida,4,512,1000000,266860,67087,0.295799
1,./input/simulador.log,lfu,invertida,4,1024,1000000,197601,60944,0.369995
1,./input/simulador.log,lfu,invertida,4,2048,1000000,117773,28201,0.365060
1,./input/simulador.log,lfu,invertida,4,4096,1000000,41536,14545,0.362434
1,./input/simulador.log,lfu,invertida,4,8192,1000000,8349,1963,0.213186
1,./input/simulador.log,lfu,invertida,4,16384,1000000,3890,0,0.169861
2,./input/compilador.log,lru,densa,2,1024,1000000,15330,2957,0.148095
2,./input/compilador.log,lru,densa,4,1024,1000000,25308,4231,0.143689
2,./input/compilador.log,lru,densa,8,1024,1000000,36707,5775,0.143386
2,./input/compilador.log,lru,densa,16,1024,1000000,47424,7770,0.137801
2,./input/compilador.log,lru,densa,32,1024,1000000,60336,9429,0.139291
2,./input/compilador.log,lru,densa,64,1024,1000000,77837,11593,0.140734
2,./input/compilador.log,lru,hier2,2,1024,1000000,15330,2957,0.177076
2,./input/compilador.log,lru,hier2,4,1024,1000000,25308,4231,0.143819
2,./input/compilador.log,lru,hier2,8,1024,1000000,36707,5775,0.144635
2,./input/compilador.log,lru,hier2,16,1024,1000000,47424,7770,0.135806
2,./input/compilador.log,lru,hier2,32,1024,1000000,60336,9429,0.142148
2,./input/compilador.log,lru,hier2,64,1024,1000000,77837,11593,0.128671
2,./input/compilador.log,lru,hier3,2,1024,1000000,15330,2957,0.139897
2,./input/compilador.log,lru,hier3,4,1024,1000000,25308,4231,0.138927
2,./input/compilador.log,lru,hier3,8,1024,1000000,36707,5775,0.134917
2,./input/compilador.log,lru,hier3,16,1024,1000000,47424,7770,0.135030
2,./input/compilador.log,lru,hier3,32,1024,1000000,60336,9429,0.132012
2,./input/compilador.log,lru,hier3,64,1024,1000000,77837,11593,0.126306
2,./input/compilador.log,lru,invertida,2,1024,1000000,15330,2957,0.164845
2,./input/compilador.log,lru,invertida,4,1024,1000000,25308,4231,0.161928
2,./input/compilador.log,lru,invertida,8,1024,1000000,36707,5775,0.152434
2,./input/compilador.log,lru,invertida,16,1024,1000000,47424,7770,0.154265
2,./input/compilador.log,lru,invertida,32,1024,1000000,60336,9429,0.147603
2,./input/compilador.log,lru,invertida,64,1024,1000000,77837,11593,0.141096
2,./input/compilador.log,fifo,densa,2,1024,1000000,21639,4442,0.156305
2,./input/compilador.log,fifo,densa,4,1024,1000000,31698,5945,0.168892
2,./input/compilador.log,fifo,densa,8,1024,1000000,44465,8135,0.147729
2,./input/compilador.log,fifo,densa,16,1024,1000000,57600,10858,0.159805
2,./input/compilador.log,fifo,densa,32,1024,1000000,72140,13794,0.150885
2,./input/compilador.log,fifo,densa,64,1024,1000000,93778,18860,0.138709
2,./input/compilador.log,fifo,hier2,2,1024,1000000,21639,4442,0.202333
2,./input/compilador.log,fifo,hier2,4,1024,1000000,31698,5945,0.174660
2,./input/compilador.log,fifo,hier2,8,1024,1000000,44465,8135,0.182701
2,./input/compilador.log,fifo,hier2,16,1024,1000000,57600,10858,0.152478
2,./input/compilador.log,fifo,hier2,32,1024,1000000,72140,13794,0.147306
2,./input/compilador.log,fifo,hier2,64,1024,1000000,93778,18860,0.148806
2,./input/compilador.log,fifo,hier3,2,1024,1000000,21639,4442,0.176516
2,./input/compilador.log,fifo,hier3,4,1024,1000000,31698,5945,0.171227
2,./input/compilador.log,fifo,hier3,8,1024,1000000,44465,8135,0.162438
2,./input/compilador.log,fifo,hier3,16,1024,1000000,57600,10858,0.141239
2,./input/compilador.log,fifo,hier3,32,1024,1000000,72140,13794,0.164487
2,./input/compilador.log,fifo,hier3,64,1024,1000000,93778,18860,0.138956
2,./input/compilador.log,fifo,invertida,2,1024,1000000,21639,4442,0.175140
2,./input/compilador.log,fifo,invertida,4,1024,1000000,31698,5945,0.162490
2,./input/compilador.log,fifo,invertida,8,1024,1000000,44465,8135,0.157091
2,./input/compilador.log,fifo,invertida,16,1024,1000000,57600,10858,0.141484
2,./input/compilador.log,fifo,invertida,32,1024,1000000,72140,13794,0.140624
2,./input/compilador.log,fifo,invertida,64,1024,1000000,93778,18860,0.149612
2,./input/compilador.log,random,densa,2,1024,1000000,22638,4389,0.137573
2,./input/compilador.log,random,densa,4,1024,1000000,31914,5782,0.139509
2,./input/compilador.log,random,densa,8,1024,1000000,46384,8182,0.128161
2,./input/compilador.log,random,densa,16,1024,1000000,61897,10988,0.128620
2,./input/compilador.log,random,densa,32,1024,1000000,79477,14224,0.140700
2,./input/compilador.log,random,densa,64,1024,1000000,102054,19447,0.129340
2,./input/compilador.log,random,hier2,2,1024,1000000,22734,4450,0.142782
2,./input/compilador.log,random,hier2,4,1024,1000000,32093,5817,0.181460
2,./input/compilador.log,random,hier2,8,1024,1000000,46356,8129,0.148584
2,./input/compilador.log,random,hier2,16,1024,1000000,61739,10931,0.143668
2,./input/compilador.log,random,hier2,32,1024,1000000,79623,14280,0.130985
2,./input/compilador.log,random,hier2,64,1024,1000000,101940,19372,0.133994
2,./input/compilador.log,random,hier3,2,1024,1000000,22398,4345,0.134270
2,./input/compilador.log,random,hier3,4,1024,1000000,31790,5757,0.137872
2,./input/compilador.log,random,hier3,8,1024,1000000,46398,8211,0.132122
2,./input/compilador.log,random,hier3,16,1024,1000000,61714,11005,0.134355
2,./input/compilador.log,random,hier3,32,1024,1000000,79461,14223,0.155346
2,./input/compilador.log,random,hier3,64,1024,1000000,102565,19639,0.139904
2,./input/compilador.log,random,invertida,2,1024,1000000,22398,4345,0.157443
2,./input/compilador.log,random,invertida,4,1024,1000000,31888,5721,0.145008
2,./input/compilador.log,random,invertida,8,1024,1000000,46276,8180,0.142449
2,./input/compilador.log,random,invertida,16,1024,1000000,61581,11000,0.144077
2,./input/compilador.log,random,invertida,32,1024,1000000,79382,14125,0.145079
2,./input/compilador.log,random,invertida,64,1024,1000000,101949,19306,0.154684
2,./input/compilador.log,lfu,densa,2,1024,1000000,42968,4982,0.225598
2,./input/compilador.log,lfu,densa,4,1024,1000000,74061,8077,0.245797
2,./input/compilador.log,lfu,densa,8,1024,1000000,136815,15545,0.221514
2,./input/compilador.log,lfu,densa,16,1024,1000000,250279,28950,0.247014
2,./input/compilador.log,lfu,densa,32,1024,1000000,389747,41414,0.205196
2,./input/compilador.log,lfu,densa,64,1024,1000000,573251,90988,0.201033
2,./input/compilador.log,lfu,hier2,2,1024,1000000,42968,4982,0.198105
2,./input/compilador.log,lfu,hier2,4,1024,1000000,74061,8077,0.238260
2,./input/compilador.log,lfu,hier2,8,1024,1000000,136815,15545,0.203356
2,./input/compilador.log,lfu,hier2,16,1024,1000000,250279,28950,0.205978
2,./input/compilador.log,lfu,hier2,32,1024,1000000,389747,41414,0.224692
2,./input/compilador.log,lfu,hier2,64,1024,1000000,573251,90988,0.202670
2,./input/compilador.log,lfu,hier3,2,1024,1000000,42968,4982,0.192711
2,./input/compilador.log,lfu,hier3,4,1024,1000000,74061,8077,0.211532
2,./input/compilador.log,lfu,hier3,8,1024,1000000,136815,15545,0.196375
2,./input/compilador.log,lfu,hier3,16,1024,1000000,250279,28950,0.197222
2,./input/compilador.log,lfu,hier3,32,1024,1000000,389747,41414,0.196457
2,./input/compilador.log,lfu,hier3,64,1024,1000000,573251,90988,0.222181
2,./input/compilador.log,lfu,invertida,2,1024,1000000,42968,4982,0.230155
2,./input/compilador.log,lfu,invertida,4,1024,1000000,74061,8077,0.242294
2,./input/compilador.log,lfu,invertida,8,1024,1000000,136815,15545,0.206719
2,./input/compilador.log,lfu,invertida,16,1024,1000000,250279,28950,0.209180
2,./input/compilador.log,lfu,invertida,32,1024,1000000,389747,41414,0.239959
2,./input/compilador.log,lfu,invertida,64,1024,1000000,573251,90988,0.265316
2,./input/matriz.log,lru,densa,2,1024,1000000,4744,1473,0.122244
2,./input/matriz.log,lru,densa,4,1024,1000000,5673,1866,0.144017
2,./input/matriz.log,lru,densa,8,1024,1000000,10928,3273,0.128370
2,./input/matriz.log,lru,densa,16,1024,1000000,15904,4517,0.117658
2,./input/matriz.log,lru,densa,32,1024,1000000,32282,6582,0.140521
2,./input/matriz.log,lru,densa,64,1024,1000000,115886,36242,0.146424
2,./input/matriz.log,lru,hier2,2,1024,1000000,4744,1473,0.159896
2,./input/matriz.log,lru,hier2,4,1024,1000000,5673,1866,0.116653
2,./input/matriz.log,lru,hier2,8,1024,1000000,10928,3273,0.127876
2,./input/matriz.log,lru,hier2,16,1024,1000000,15904,4517,0.113346
2,./input/matriz.log,lru,hier2,32,1024,1000000,32282,6582,0.143033
2,./input/matriz.log,lru,hier2,64,1024,1000000,115886,36242,0.150836
2,./input/matriz.log,lru,hier3,2,1024,1000000,4744,1473,0.125107
2,./input/matriz.log,lru,hier3,4,1024,1000000,5673,1866,0.113601
2,./input/matriz.log,lru,hier3,8,1024,1000000,10928,3273,0.124207
2,./input/matriz.log,lru,hier3,16,1024,1000000,15904,4517,0.122823
2,./input/matriz.log,lru,hier3,32,1024,1000000,32282,6582,0.118073
2,./input/matriz.log,lru,hier3,64,1024,1000000,115886,36242,0.136246
2,./input/matriz.log,lru,invertida,2,1024,1000000,4744,1473,0.165132
2,./input/matriz.log,lru,invertida,4,1024,1000000,5673,1866,0.128532
2,./input/matriz.log,lru,invertida,8,1024,1000000,10928,3273,0.129219
2,./input/matriz.log,lru,invertida,16,1024,1000000,15904,4517,0.131942
2,./input/matriz.log,lru,invertida,32,1024,1000000,32282,6582,0.131517
2,./input/matriz.log,lru,invertida,64,1024,1000000,115886,36242,0.147548
2,./input/matriz.log,fifo,densa,2,1024,1000000,6097,1993,0.131028
2,./input/matriz.log,fifo,densa,4,1024,1000000,8551,2836,0.118203
2,./input/matriz.log,fifo,densa,8,1024,1000000,15410,4505,0.148974
2,./input/matriz.log,fifo,densa,16,1024,1000000,22815,6114,0.121249
2,./input/matriz.log,fifo,densa,32,1024,1000000,59061,13543,0.130918
2,./input/matriz.log,fifo,densa,64,1024,1000000,137751,33692,0.150495
2,./input/matriz.log,fifo,hier2,2,1024,1000000,6097,1993,0.136579
2,./input/matriz.log,fifo,hier2,4,1024,1000000,8551,2836,0.136158
2,./input/matriz.log,fifo,hier2,8,1024,1000000,15410,4505,0.125983
2,./input/matriz.log,fifo,hier2,16,1024,1000000,22815,6114,0.128268
2,./input/matriz.log,fifo,hier2,32,1024,1000000,59061,13543,0.160596
2,./input/matriz.log,fifo,hier2,64,1024,1000000,137751,33692,0.149583
2,./input/matriz.log,fifo,hier3,2,1024,1000000,6097,1993,0.121249
2,./input/matriz.log,fifo,hier3,4,1024,1000000,8551,2836,0.123869
2,./input/matriz.log,fifo,hier3,8,1024,1000000,15410,4505,0.132437
2,./input/matriz.log,fifo,hier3,16,1024,1000000,22815,6114,0.164170
2,./input/matriz.log,fifo,hier3,32,1024,1000000,59061,13543,0.134535
2,./input/matriz.log,fifo,hier3,64,1024,1000000,137751,33692,0.132383
2,./input/matriz.log,fifo,invertida,2,1024,1000000,6097,1993,0.147352
2,./input/matriz.log,fifo,invertida,4,1024,1000000,8551,2836,0.144569
2,./input/matriz.log,fifo,invertida,8,1024,1000000,15410,4505,0.136846
2,./input/matriz.log,fifo,invertida,16,1024,1000000,22815,6114,0.132538
2,./input/matriz.log,fifo,invertida,32,1024,1000000,59061,13543,0.137920
2,./input/matriz.log,fifo,invertida,64,1024,1000000,137751,33692,0.154655
2,./input/matriz.log,random,densa,2,1024,1000000,6669,2152,0.114590
2,./input/matriz.log,random,densa,4,1024,1000000,9299,2946,0.124098
2,./input/matriz.log,random,densa,8,1024,1000000,15641,4540,0.122219
2,./input/matriz.log,random,densa,16,1024,1000000,27154,6882,0.120176
2,./input/matriz.log,random,densa,32,1024,1000000,61202,13765,0.125387
2,./input/matriz.log,random,densa,64,1024,1000000,131896,30633,0.140491
2,./input/matriz.log,random,hier2,2,1024,1000000,6669,2152,0.114170
2,./input/matriz.log,random,hier2,4,1024,1000000,9212,2959,0.131426
2,./input/matriz.log,random,hier2,8,1024,1000000,15467,4435,0.125845
2,./input/matriz.log,random,hier2,16,1024,1000000,26891,6833,0.116647
2,./input/matriz.log,random,hier2,32,1024,1000000,61435,13760,0.126547
2,./input/matriz.log,random,hier2,64,1024,1000000,131824,30444,0.142340
2,./input/matriz.log,random,hier3,2,1024,1000000,6527,2122,0.116100
2,./input/matriz.log,random,hier3,4,1024,1000000,9212,2959,0.125167
2,./input/matriz.log,random,hier3,8,1024,1000000,15572,4507,0.117075
2,./input/matriz.log,random,hier3,16,1024,1000000,27037,6863,0.112947
2,./input/matriz.log,random,hier3,32,1024,1000000,61231,13661,0.126792
2,./input/matriz.log,random,hier3,64,1024,1000000,131758,30424,0.142208
2,./input/matriz.log,random,invertida,2,1024,1000000,6726,2201,0.137697
2,./input/matriz.log,random,invertida,4,1024,1000000,9263,2957,0.156887
2,./input/matriz.log,random,invertida,8,1024,1000000,15572,4507,0.132660
2,./input/matriz.log,random,invertida,16,1024,1000000,27074,6915,0.141153
2,./input/matriz.log,random,invertida,32,1024,1000000,60809,13636,0.137042
2,./input/matriz.log,random,invertida,64,1024,1000000,131159,30312,0.142850
2,./input/matriz.log,lfu,densa,2,1024,1000000,115838,30345,0.364126
2,./input/matriz.log,lfu,densa,4,1024,1000000,142996,34934,0.269842
2,./input/matriz.log,lfu,densa,8,1024,1000000,166676,39621,0.221427
2,./input/matriz.log,lfu,densa,16,1024,1000000,180501,41943,0.181402
2,./input/matriz.log,lfu,densa,32,1024,1000000,201983,44112,0.170085
2,./input/matriz.log,lfu,densa,64,1024,1000000,273261,55610,0.165169
2,./input/matriz.log,lfu,hier2,2,1024,1000000,115838,30345,0.374052
2,./input/matriz.log,lfu,hier2,4,1024,1000000,142996,34934,0.268412
2,./input/matriz.log,lfu,hier2,8,1024,1000000,166676,39621,0.210961
2,./input/matriz.log,lfu,hier2,16,1024,1000000,180501,41943,0.172275
2,./input/matriz.log,lfu,hier2,32,1024,1000000,201983,44112,0.168656
2,./input/matriz.log,lfu,hier2,64,1024,1000000,273261,55610,0.156272
2,./input/matriz.log,lfu,hier3,2,1024,1000000,115838,30345,0.380993
2,./input/matriz.log,lfu,hier3,4,1024,1000000,142996,34934,0.267851
2,./input/matriz.log,lfu,hier3,8,1024,1000000,166676,39621,0.213492
2,./input/matriz.log,lfu,hier3,16,1024,1000000,180501,41943,0.179722
2,./input/matriz.log,lfu,hier3,32,1024,1000000,201983,44112,0.157893
2,./input/matriz.log,lfu,hier3,64,1024,1000000,273261,55610,0.175203
2,./input/matriz.log,lfu,invertida,2,1024,1000000,115838,30345,0.355784
2,./input/matriz.log,lfu,invertida,4,1024,1000000,142996,34934,0.268022
2,./input/matriz.log,lfu,invertida,8,1024,1000000,166676,39621,0.218975
2,./input/matriz.log,lfu,invertida,16,1024,1000000,180501,41943,0.185257
2,./input/matriz.log,lfu,invertida,32,1024,1000000,201983,44112,0.170436
2,./input/matriz.log,lfu,invertida,64,1024,1000000,273261,55610,0.169845
2,./input/compressor.log,lru,densa,2,1024,1000000,419,0,0.114695
2,./input/compressor.log,lru,densa,4,1024,1000000,397,48,0.115194
2,./input/compressor.log,lru,densa,8,1024,1000000,533,132,0.112810
2,./input/compressor.log,lru,densa,16,1024,1000000,729,265,0.110779
2,./input/compressor.log,lru,densa,32,1024,1000000,911,345,0.110515
2,./input/compressor.log,lru,densa,64,1024,1000000,1566,546,0.116550
2,./input/compressor.log,lru,hier2,2,1024,1000000,419,0,0.109916
2,./input/compressor.log,lru,hier2,4,1024,1000000,397,48,0.125773
2,./input/compressor.log,lru,hier2,8,1024,1000000,533,132,0.110941
2,./input/compressor.log,lru,hier2,16,1024,1000000,729,265,0.110888
2,./input/compressor.log,lru,hier2,32,1024,1000000,911,345,0.107769
2,./input/compressor.log,lru,hier2,64,1024,1000000,1566,546,0.150499
2,./input/compressor.log,lru,hier3,2,1024,1000000,419,0,0.109549
2,./input/compressor.log,lru,hier3,4,1024,1000000,397,48,0.109866
2,./input/compressor.log,lru,hier3,8,1024,1000000,533,132,0.114895
2,./input/compressor.log,lru,hier3,16,1024,1000000,729,265,0.110372
2,./input/compressor.log,lru,hier3,32,1024,1000000,911,345,0.106939
2,./input/compressor.log,lru,hier3,64,1024,1000000,1566,546,0.115250
2,./input/compressor.log,lru,invertida,2,1024,1000000,419,0,0.116286
2,./input/compressor.log,lru,invertida,4,1024,1000000,397,48,0.121785
2,./input/compressor.log,lru,invertida,8,1024,1000000,533,132,0.122330
2,./input/compressor.log,lru,invertida,16,1024,1000000,729,265,0.127685
2,./input/compressor.log,lru,invertida,32,1024,1000000,911,345,0.115041
2,./input/compressor.log,lru,invertida,64,1024,1000000,1566,546,0.128625
2,./input/compressor.log,fifo,densa,2,1024,1000000,419,0,0.109498
2,./input/compressor.log,fifo,densa,4,1024,1000000,511,125,0.112984
2,./input/compressor.log,fifo,densa,8,1024,1000000,570,191,0.118479
2,./input/compressor.log,fifo,densa,16,1024,1000000,850,335,0.116882
2,./input/compressor.log,fifo,densa,32,1024,1000000,1119,440,0.107230
2,./input/compressor.log,fifo,densa,64,1024,1000000,1956,735,0.112862
2,./input/compressor.log,fifo,hier2,2,1024,1000000,419,0,0.113409
2,./input/compressor.log,fifo,hier2,4,1024,1000000,511,125,0.110126
2,./input/compressor.log,fifo,hier2,8,1024,1000000,570,191,0.107278
2,./input/compressor.log,fifo,hier2,16,1024,1000000,850,335,0.119045
2,./input/compressor.log,fifo,hier2,32,1024,1000000,1119,440,0.113435
2,./input/compressor.log,fifo,hier2,64,1024,1000000,1956,735,0.109937
2,./input/compressor.log,fifo,hier3,2,1024,1000000,419,0,0.112498
2,./input/compressor.log,fifo,hier3,4,1024,1000000,511,125,0.108608
2,./input/compressor.log,fifo,hier3,8,1024,1000000,570,191,0.121529
2,./input/compressor.log,fifo,hier3,16,1024,1000000,850,335,0.104932
2,./input/compressor.log,fifo,hier3,32,1024,1000000,1119,440,0.107640
2,./input/compressor.log,fifo,hier3,64,1024,1000000,1956,735,0.104237
2,./input/compressor.log,fifo,invertida,2,1024,1000000,419,0,0.118975
2,./input/compressor.log,fifo,invertida,4,1024,1000000,511,125,0.115528
2,./input/compressor.log,fifo,invertida,8,1024,1000000,570,191,0.150489
2,./input/compressor.log,fifo,invertida,16,1024,1000000,850,335,0.128385
2,./input/compressor.log,fifo,invertida,32,1024,1000000,1119,440,0.126812
2,./input/compressor.log,fifo,invertida,64,1024,1000000,1956,735,0.139584
2,./input/compressor.log,random,densa,2,1024,1000000,419,0,0.118749
2,./input/compressor.log,random,densa,4,1024,1000000,416,58,0.124566
2,./input/compressor.log,random,densa,8,1024,1000000,676,221,0.110509
2,./input/compressor.log,random,densa,16,1024,1000000,1002,353,0.116645
2,./input/compressor.log,random,densa,32,1024,1000000,1338,488,0.114722
2,./input/compressor.log,random,densa,64,1024,1000000,2240,801,0.118804
2,./input/compressor.log,random,hier2,2,1024,1000000,419,0,0.108488
2,./input/compressor.log,random,hier2,4,1024,1000000,430,77,0.108656
2,./input/compressor.log,random,hier2,8,1024,1000000,642,201,0.110192
2,./input/compressor.log,random,hier2,16,1024,1000000,981,350,0.110132
2,./input/compressor.log,random,hier2,32,1024,1000000,1282,484,0.111095
2,./input/compressor.log,random,hier2,64,1024,1000000,2266,760,0.111385
2,./input/compressor.log,random,hier3,2,1024,1000000,419,0,0.105711
2,./input/compressor.log,random,hier3,4,1024,1000000,430,77,0.122620
2,./input/compressor.log,random,hier3,8,1024,1000000,633,207,0.109078
2,./input/compressor.log,random,hier3,16,1024,1000000,960,355,0.116391
2,./input/compressor.log,random,hier3,32,1024,1000000,1353,501,0.116321
2,./input/compressor.log,random,hier3,64,1024,1000000,2244,792,0.110839
2,./input/compressor.log,random,invertida,2,1024,1000000,419,0,0.125895
2,./input/compressor.log,random,invertida,4,1024,1000000,412,70,0.134363
2,./input/compressor.log,random,invertida,8,1024,1000000,633,207,0.127218
2,./input/compressor.log,random,invertida,16,1024,1000000,960,355,0.132761
2,./input/compressor.log,random,invertida,32,1024,1000000,1295,466,0.150948
2,./input/compressor.log,random,invertida,64,1024,1000000,2207,762,0.136221
2,./input/compressor.log,lfu,densa,2,1024,1000000,419,0,0.111848
2,./input/compressor.log,lfu,densa,4,1024,1000000,390,34,0.112443
2,./input/compressor.log,lfu,densa,8,1024,1000000,143775,13291,0.205126
2,./input/compressor.log,lfu,densa,16,1024,1000000,290318,43775,0.215986
2,./input/compressor.log,lfu,densa,32,1024,1000000,315032,51729,0.183526
2,./input/compressor.log,lfu,densa,64,1024,1000000,373391,62154,0.172006
2,./input/compressor.log,lfu,hier2,2,1024,1000000,419,0,0.112947
2,./input/compressor.log,lfu,hier2,4,1024,1000000,390,34,0.111659
2,./input/compressor.log,lfu,hier2,8,1024,1000000,143775,13291,0.228259
2,./input/compressor.log,lfu,hier2,16,1024,1000000,290318,43775,0.205565
2,./input/compressor.log,lfu,hier2,32,1024,1000000,315032,51729,0.183335
2,./input/compressor.log,lfu,hier2,64,1024,1000000,373391,62154,0.166541
2,./input/compressor.log,lfu,hier3,2,1024,1000000,419,0,0.116813
2,./input/compressor.log,lfu,hier3,4,1024,1000000,390,34,0.108845
2,./input/compressor.log,lfu,hier3,8,1024,1000000,143775,13291,0.211586
2,./input/compressor.log,lfu,hier3,16,1024,1000000,290318,43775,0.217454
2,./input/compressor.log,lfu,hier3,32,1024,1000000,315032,51729,0.193704
2,./input/compressor.log,lfu,hier3,64,1024,1000000,373391,62154,0.178038
2,./input/compressor.log,lfu,invertida,2,1024,1000000,419,0,0.124026
2,./input/compressor.log,lfu,invertida,4,1024,1000000,390,34,0.117637
2,./input/compressor.log,lfu,invertida,8,1024,1000000,143775,13291,0.219270
2,./input/compressor.log,lfu,invertida,16,1024,1000000,290318,43775,0.234259
2,./input/compressor.log,lfu,invertida,32,1024,1000000,315032,51729,0.190588
2,./input/compressor.log,lfu,invertida,64,1024,1000000,373391,62154,0.194093
2,./input/simulador.log,lru,densa,2,1024,1000000,8364,3395,0.141506
2,./input/simulador.log,lru,densa,4,1024,1000000,11240,4092,0.131792
2,./input/simulador.log,lru,densa,8,1024,1000000,16479,5546,0.123715
2,./input/simulador.log,lru,densa,16,1024,1000000,29547,8267,0.120468
2,./input/simulador.log,lru,densa,32,1024,1000000,48088,10446,0.122951
2,./input/simulador.log,lru,densa,64,1024,1000000,61829,11892,0.133982
2,./input/simulador.log,lru,hier2,2,1024,1000000,8364,3395,0.128859
2,./input/simulador.log,lru,hier2,4,1024,1000000,11240,4092,0.121155
2,./input/simulador.log,lru,hier2,8,1024,1000000,16479,5546,0.121271
2,./input/simulador.log,lru,hier2,16,1024,1000000,29547,8267,0.121805
2,./input/simulador.log,lru,hier2,32,1024,1000000,48088,10446,0.117499
2,./input/simulador.log,lru,hier2,64,1024,1000000,61829,11892,0.118226
2,./input/simulador.log,lru,hier3,2,1024,1000000,8364,3395,0.125535
2,./input/simulador.log,lru,hier3,4,1024,1000000,11240,4092,0.120148
2,./input/simulador.log,lru,hier3,8,1024,1000000,16479,5546,0.129017
2,./input/simulador.log,lru,hier3,16,1024,1000000,29547,8267,0.125238
2,./input/simulador.log,lru,hier3,32,1024,1000000,48088,10446,0.131041
2,./input/simulador.log,lru,hier3,64,1024,1000000,61829,11892,0.134121
2,./input/simulador.log,lru,invertida,2,1024,1000000,8364,3395,0.151824
2,./input/simulador.log,lru,invertida,4,1024,1000000,11240,4092,0.138205
2,./input/simulador.log,lru,invertida,8,1024,1000000,16479,5546,0.126149
2,./input/simulador.log,lru,invertida,16,1024,1000000,29547,8267,0.137956
2,./input/simulador.log,lru,invertida,32,1024,1000000,48088,10446,0.136679
2,./input/simulador.log,lru,invertida,64,1024,1000000,61829,11892,0.133936
2,./input/simulador.log,fifo,densa,2,1024,1000000,11449,4510,0.135063
2,./input/simulador.log,fifo,densa,4,1024,1000000,15440,5426,0.130601
2,./input/simulador.log,fifo,densa,8,1024,1000000,22816,7413,0.126663
2,./input/simulador.log,fifo,densa,16,1024,1000000,37606,10399,0.131473
2,./input/simulador.log,fifo,densa,32,1024,1000000,60922,14653,0.143284
2,./input/simulador.log,fifo,densa,64,1024,1000000,81506,19786,0.135871
2,./input/simulador.log,fifo,hier2,2,1024,1000000,11449,4510,0.139594
2,./input/simulador.log,fifo,hier2,4,1024,1000000,15440,5426,0.132126
2,./input/simulador.log,fifo,hier2,8,1024,1000000,22816,7413,0.126078
2,./input/simulador.log,fifo,hier2,16,1024,1000000,37606,10399,0.171108
2,./input/simulador.log,fifo,hier2,32,1024,1000000,60922,14653,0.135076
2,./input/simulador.log,fifo,hier2,64,1024,1000000,81506,19786,0.148619
2,./input/simulador.log,fifo,hier3,2,1024,1000000,11449,4510,0.136401
2,./input/simulador.log,fifo,hier3,4,1024,1000000,15440,5426,0.129970
2,./input/simulador.log,fifo,hier3,8,1024,1000000,22816,7413,0.122840
2,./input/simulador.log,fifo,hier3,16,1024,1000000,37606,10399,0.135828
2,./input/simulador.log,fifo,hier3,32,1024,1000000,60922,14653,0.138653
2,./input/simulador.log,fifo,hier3,64,1024,1000000,81506,19786,0.122777
2,./input/simulador.log,fifo,invertida,2,1024,1000000,11449,4510,0.156737
2,./input/simulador.log,fifo,invertida,4,1024,1000000,15440,5426,0.140658
2,./input/simulador.log,fifo,invertida,8,1024,1000000,22816,7413,0.139388
2,./input/simulador.log,fifo,invertida,16,1024,1000000,37606,10399,0.149493
2,./input/simulador.log,fifo,invertida,32,1024,1000000,60922,14653,0.138358
2,./input/simulador.log,fifo,invertida,64,1024,1000000,81506,19786,0.146362
2,./input/simulador.log,random,densa,2,1024,1000000,12315,4595,0.131254
2,./input/simulador.log,random,densa,4,1024,1000000,15838,5489,0.126938
2,./input/simulador.log,random,densa,8,1024,1000000,23766,7526,0.134213
2,./input/simulador.log,random,densa,16,1024,1000000,39566,10793,0.135455
2,./input/simulador.log,random,densa,32,1024,1000000,62054,15157,0.130247
2,./input/simulador.log,random,densa,64,1024,1000000,85658,20607,0.125776
2,./input/simulador.log,random,hier2,2,1024,1000000,12386,4650,0.126257
2,./input/simulador.log,random,hier2,4,1024,1000000,15917,5465,0.119653
2,./input/simulador.log,random,hier2,8,1024,1000000,23884,7579,0.122009
2,./input/simulador.log,random,hier2,16,1024,1000000,39566,10793,0.124356
2,./input/simulador.log,random,hier2,32,1024,1000000,62054,15157,0.117667
2,./input/simulador.log,random,hier2,64,1024,1000000,85659,20557,0.127109
2,./input/simulador.log,random,hier3,2,1024,1000000,12486,4688,0.126334
2,./input/simulador.log,random,hier3,4,1024,1000000,15645,5483,0.122250
2,./input/simulador.log,random,hier3,8,1024,1000000,23942,7568,0.112799
2,./input/simulador.log,random,hier3,16,1024,1000000,39771,10823,0.119353
2,./input/simulador.log,random,hier3,32,1024,1000000,62271,15177,0.124379
2,./input/simulador.log,random,hier3,64,1024,1000000,85659,20557,0.120068
2,./input/simulador.log,random,invertida,2,1024,1000000,12619,4686,0.145465
2,./input/simulador.log,random,invertida,4,1024,1000000,15731,5411,0.130485
2,./input/simulador.log,random,invertida,8,1024,1000000,23954,7573,0.136313
2,./input/simulador.log,random,invertida,16,1024,1000000,39726,10877,0.134502
2,./input/simulador.log,random,invertida,32,1024,1000000,62194,15136,0.148731
2,./input/simulador.log,random,invertida,64,1024,1000000,85680,20656,0.141688
2,./input/simulador.log,lfu,densa,2,1024,1000000,168502,59798,0.463521
2,./input/simulador.log,lfu,densa,4,1024,1000000,197601,60944,0.319173
2,./input/simulador.log,lfu,densa,8,1024,1000000,254389,65698,0.262009
2,./input/simulador.log,lfu,densa,16,1024,1000000,504490,135069,0.286197
2,./input/simulador.log,lfu,densa,32,1024,1000000,646601,138348,0.260370
2,./input/simulador.log,lfu,densa,64,1024,1000000,653065,140917,0.206761
2,./input/simulador.log,lfu,hier2,2,1024,1000000,168502,59798,0.461705
2,./input/simulador.log,lfu,hier2,4,1024,1000000,197601,60944,0.346971
2,./input/simulador.log,lfu,hier2,8,1024,1000000,254389,65698,0.278291
2,./input/simulador.log,lfu,hier2,16,1024,1000000,504490,135069,0.274832
2,./input/simulador.log,lfu,hier2,32,1024,1000000,646601,138348,0.253666
2,./input/simulador.log,lfu,hier2,64,1024,1000000,653065,140917,0.203777
2,./input/simulador.log,lfu,hier3,2,1024,1000000,168502,59798,0.473273
2,./input/simulador.log,lfu,hier3,4,1024,1000000,197601,60944,0.318627
2,./input/simulador.log,lfu,hier3,8,1024,1000000,254389,65698,0.287092
2,./input/simulador.log,lfu,hier3,16,1024,1000000,504490,135069,0.288213
2,./input/simulador.log,lfu,hier3,32,1024,1000000,646601,138348,0.272858
2,./input/simulador.log,lfu,hier3,64,1024,1000000,653065,140917,0.211683
2,./input/simulador.log,lfu,invertida,2,1024,1000000,168502,59798,0.513560
2,./input/simulador.log,lfu,invertida,4,1024,1000000,197601,60944,0.333835
2,./input/simulador.log,lfu,invertida,8,1024,1000000,254389,65698,0.278827
2,./input/simulador.log,lfu,invertida,16,1024,1000000,504490,135069,0.304031
2,./input/simulador.log,lfu,invertida,32,1024,1000000,646601,138348,0.265664
2,./input/simulador.log,lfu,invertida,64,1024,1000000,653065,140917,0.237310
